<?xml version="1.0" encoding="UTF-8"?>
<ModuleInfo>  <ModulePN>MOD01D01990061????</ModulePN><Creator PN="01" Name="Acer-HQ1">  </Creator><Type PN="D01" Name="Drivers">  </Type><Module Alias="" PN="99" Name="Killer Bluetooth_M 1650x" Provider="Killer" GUID="" Class="Bluetooth_M" Serial="1650x">  </Module><WOS Sku="W10 All" PN="61" CPU="X64">  </WOS><Lang>All language</Lang><ModuleVersion>v21.30.0.5</ModuleVersion><DriverVersion>v21.30.0.5</DriverVersion><OptionVersion>Install.cmd</OptionVersion><ProjectCodeName>NULL</ProjectCodeName><OdmName>NBCOM</OdmName><ModuleTimeout>30</ModuleTimeout><InstallPreiod>UserAlaunch</InstallPreiod><Reboot>True</Reboot><Delete>False</Delete><ReinstallProcessList>    <Process RetCode="-" OS-Language="" Period="" Params="" Timeout="0" OS-Sku="" Order="00" Check="" Exec="%RELATIVE_PATH%\Install.cmd" Country="">  </Process></ReinstallProcessList><AutoRun>True</AutoRun><InstallPath>  </InstallPath><Description>  </Description><ProcessList>    <Process RetCode="-" OS-Language="" Period="" Params="" Timeout="30" OS-Sku="" Order="00" Check="False" Exec="%RELATIVE_PATH%\Install.cmd" Country="">  </Process></ProcessList><RegItemList>  </RegItemList><ModuleProperty>RCD,STCD,RSCD</ModuleProperty><HWIDs>USB\VID_8087&amp;PID_0029</HWIDs><AutoCheckHWID>True</AutoCheckHWID><CheckRemove>True</CheckRemove><MVPKernelVersion>2.0.6.4</MVPKernelVersion><MVPUIVersion>2.0.7.6</MVPUIVersion><LOB>Notebook</LOB></ModuleInfo>