<?xml version="1.0" encoding="UTF-8"?>
<ModuleInfo>  <ModulePN>MOD01D01750061????</ModulePN><Creator PN="01" Name="Acer-HQ1">  </Creator><Type PN="D01" Name="Drivers">  </Type><Module Alias="" PN="75" Name="Intel NB_Chipset_M Coffee Lake" Provider="Intel" GUID="" Class="NB_Chipset_M" Serial="Coffee Lake">  </Module><WOS Sku="W10 All" PN="61" CPU="X64">  </WOS><Lang>All language</Lang><ModuleVersion>v10.1.18019.8144</ModuleVersion><DriverVersion>v10.1.16.7</DriverVersion><OptionVersion>SetupChipset.exe -s -norestart</OptionVersion><ProjectCodeName>NULL</ProjectCodeName><OdmName>NBCOM</OdmName><ModuleTimeout>30</ModuleTimeout><InstallPreiod>UserAlaunch</InstallPreiod><Reboot>False</Reboot><Delete>False</Delete><ReinstallProcessList>    <Process RetCode="-" OS-Language="" Period="" Params="" Timeout="0" OS-Sku="" Order="00" Check="" Exec="%RELATIVE_PATH%\SetupChipset.exe" Country="">  </Process></ReinstallProcessList><AutoRun>True</AutoRun><InstallPath>  </InstallPath><Description>  </Description><ProcessList>    <Process RetCode="-" OS-Language="" Period="" Params="-s -norestart" Timeout="30" OS-Sku="" Order="00" Check="False" Exec="%RELATIVE_PATH%\SetupChipset.exe" Country="">  </Process></ProcessList><RegItemList>  </RegItemList><ModuleProperty>RCD,STCD,RSCD</ModuleProperty><HWIDs>PCI\VEN_8086&amp;DEV_A30D</HWIDs><AutoCheckHWID>True</AutoCheckHWID><CheckRemove>True</CheckRemove><MVPKernelVersion>2.0.6.4</MVPKernelVersion><MVPUIVersion>2.0.7.6</MVPUIVersion><LOB>Notebook</LOB></ModuleInfo>